layer,level,avg_branching
10,0,0.0
10,1,0.6901041666666666
10,2,2.47741935483871
10,3,3.1
