layer,level,avg_branching
2,0,0.0
2,1,1.7643312101910829
2,2,3.4505494505494507
2,3,3.64
