layer,level,avg_branching
8,0,0.0
8,1,0.8666666666666667
8,2,1.3636363636363635
8,3,0.44
