layer,level,avg_branching
4,0,0.0
4,1,1.3157894736842106
4,2,0.37254901960784315
4,3,1.02
