layer,level,avg_branching
5,0,0.0
5,1,0.4117647058823529
5,2,0.40476190476190477
5,3,0.84
