layer,level,avg_branching
3,0,0.0
3,1,3.6085714285714285
3,2,4.251012145748988
3,3,4.94
