layer,level,avg_branching
6,0,0.0
6,1,0.7692307692307693
6,2,0.24528301886792453
6,3,1.06
