layer,level,avg_branching
0,0,0.0
0,1,2.917594654788419
0,2,2.5511363636363638
0,3,3.52
