layer,level,avg_branching
9,0,0.0
9,1,1.0740740740740742
9,2,0.6206896551724138
9,3,1.74
