{
  "level": 3,
  "layer": 9,
  "num_concepts": 47,
  "concept_scores": {
    "mean": 0.6409574468085106,
    "std": 0.38212819267365555,
    "min": 0.0,
    "max": 1.75,
    "count": 47
  },
  "final_scores": {
    "mean": 0.4654255319148936,
    "std": 0.2758930198509829,
    "min": 0.0,
    "max": 1.125,
    "count": 47
  },
  "fluency_scores": {
    "mean": 0.8058510638297872,
    "std": 0.19774074782384155,
    "min": 0.125,
    "max": 1.0,
    "count": 47
  }
}