{
  "level": 0,
  "layer": 3,
  "num_concepts": 400,
  "concept_scores": {
    "mean": 0.6153125,
    "std": 0.5909009771897065,
    "min": 0.0,
    "max": 2.0,
    "count": 400
  },
  "final_scores": {
    "mean": 0.42541666666666667,
    "std": 0.3828595350923248,
    "min": 0.0,
    "max": 1.4166666666666667,
    "count": 400
  },
  "fluency_scores": {
    "mean": 0.7796875,
    "std": 0.21309086053547674,
    "min": 0.125,
    "max": 1.25,
    "count": 400
  }
}