{
  "level": 2,
  "layer": 11,
  "num_concepts": 77,
  "concept_scores": {
    "mean": 0.6525974025974026,
    "std": 0.5050971427652478,
    "min": 0.0,
    "max": 2.0,
    "count": 77
  },
  "final_scores": {
    "mean": 0.487012987012987,
    "std": 0.37492542189268746,
    "min": 0.0,
    "max": 1.375,
    "count": 77
  },
  "fluency_scores": {
    "mean": 0.8376623376623377,
    "std": 0.21796816224022142,
    "min": 0.25,
    "max": 1.125,
    "count": 77
  }
}