{
  "level": 0,
  "layer": 0,
  "num_concepts": 400,
  "concept_scores": {
    "mean": 0.735625,
    "std": 0.5404970946961695,
    "min": 0.0,
    "max": 2.0,
    "count": 400
  },
  "final_scores": {
    "mean": 0.4686458333333334,
    "std": 0.33727164020740674,
    "min": 0.0,
    "max": 1.3333333333333335,
    "count": 400
  },
  "fluency_scores": {
    "mean": 0.7953125,
    "std": 0.23103347126282373,
    "min": 0.0,
    "max": 1.375,
    "count": 400
  }
}