{
  "11": {
    "layer": 11,
    "levels": {
      "2": {
        "level": 2,
        "final_score": 0.4870129870129869,
        "concept_score": 0.6525974025974026,
        "fluency_score": 0.8376623376623377,
        "num_concepts": 77,
        "num_valid_final_scores": 77,
        "num_valid_concept_scores": 77,
        "num_valid_fluency_scores": 77
      },
      "3": {
        "level": 3,
        "final_score": 0.46071428571428563,
        "concept_score": 0.5857142857142857,
        "fluency_score": 0.8571428571428571,
        "num_concepts": 35,
        "num_valid_final_scores": 35,
        "num_valid_concept_scores": 35,
        "num_valid_fluency_scores": 35
      },
      "0": {
        "level": 0,
        "final_score": 0.41860465116279116,
        "concept_score": 0.5556478405315615,
        "fluency_score": 0.8151993355481728,
        "num_concepts": 301,
        "num_valid_final_scores": 301,
        "num_valid_concept_scores": 301,
        "num_valid_fluency_scores": 301
      },
      "1": {
        "level": 1,
        "final_score": 0.42180365296803624,
        "concept_score": 0.535958904109589,
        "fluency_score": 0.8501712328767124,
        "num_concepts": 146,
        "num_valid_final_scores": 146,
        "num_valid_concept_scores": 146,
        "num_valid_fluency_scores": 146
      }
    }
  },
  "9": {
    "layer": 9,
    "levels": {
      "1": {
        "level": 1,
        "final_score": 0.4279214559386972,
        "concept_score": 0.5517241379310345,
        "fluency_score": 0.798132183908046,
        "num_concepts": 174,
        "num_valid_final_scores": 174,
        "num_valid_concept_scores": 174,
        "num_valid_fluency_scores": 174
      },
      "0": {
        "level": 0,
        "final_score": 0.4054214015151519,
        "concept_score": 0.5422585227272727,
        "fluency_score": 0.7986505681818182,
        "num_concepts": 352,
        "num_valid_final_scores": 352,
        "num_valid_concept_scores": 352,
        "num_valid_fluency_scores": 352
      },
      "3": {
        "level": 3,
        "final_score": 0.4654255319148937,
        "concept_score": 0.6409574468085106,
        "fluency_score": 0.8058510638297872,
        "num_concepts": 47,
        "num_valid_final_scores": 47,
        "num_valid_concept_scores": 47,
        "num_valid_fluency_scores": 47
      },
      "2": {
        "level": 2,
        "final_score": 0.41983695652173914,
        "concept_score": 0.5230978260869565,
        "fluency_score": 0.8029891304347826,
        "num_concepts": 92,
        "num_valid_final_scores": 92,
        "num_valid_concept_scores": 92,
        "num_valid_fluency_scores": 92
      }
    }
  }
}