{
    "avg_depth": 2.38,
    "max_depth": 3,
    "avg_branching_per_level": {
        "0": 3.64,
        "1": 3.4505494505494507,
        "2": 1.7643312101910829,
        "3": 0.0
    },
    "branching_distribution_per_level": {
        "0": {
            "5": 31,
            "0": 10,
            "4": 3,
            "2": 3,
            "3": 3
        },
        "1": {
            "2": 46,
            "5": 94,
            "0": 22,
            "3": 14,
            "4": 6
        },
        "2": {
            "2": 122,
            "0": 302,
            "4": 44,
            "5": 104,
            "3": 56
        },
        "3": {
            "0": 1108
        }
    },
    "avg_leaf_count_per_tree": 28.84,
    "leaf_ratio_per_tree": [
        0.7045454545454546,
        0.6964285714285714,
        0.6964285714285714,
        0.6666666666666666,
        1.0,
        0.6875,
        0.7741935483870968,
        0.7272727272727273,
        0.7142857142857143,
        1.0,
        0.7115384615384616,
        0.7346938775510204,
        0.776595744680851,
        0.717391304347826,
        0.7209302325581395,
        0.7321428571428571,
        0.7741935483870968,
        0.7368421052631579,
        1.0,
        0.7096774193548387,
        0.7763157894736842,
        1.0,
        0.6818181818181818,
        0.75,
        0.6428571428571429,
        1.0,
        0.7375,
        1.0,
        0.7631578947368421,
        0.7021276595744681,
        0.725,
        0.6923076923076923,
        0.6578947368421053,
        1.0,
        0.6666666666666666,
        0.7142857142857143,
        0.6981132075471698,
        1.0,
        0.7222222222222222,
        0.7901234567901234,
        0.6964285714285714,
        0.7432432432432432,
        0.775,
        1.0,
        0.6842105263157895,
        0.7727272727272727,
        1.0,
        0.7205882352941176,
        0.6363636363636364,
        0.7142857142857143
    ],
    "tree_count": 50
}