{
    "avg_depth": 3.0,
    "max_depth": 3,
    "avg_branching_per_level": {
        "0": 5.0,
        "1": 5.0,
        "2": 4.9672,
        "3": 0.0
    },
    "branching_distribution_per_level": {
        "0": {
            "5": 50
        },
        "1": {
            "5": 250
        },
        "2": {
            "3": 20,
            "5": 1229,
            "4": 1
        },
        "3": {
            "0": 6209
        }
    },
    "avg_leaf_count_per_tree": 124.18,
    "leaf_ratio_per_tree": [
        0.7960526315789473,
        0.8012820512820513,
        0.8012820512820513,
        0.8012820512820513,
        0.7987012987012987,
        0.8012820512820513,
        0.7960526315789473,
        0.8012820512820513,
        0.8012820512820513,
        0.8012820512820513,
        0.7987012987012987,
        0.7987012987012987,
        0.8012820512820513,
        0.8012820512820513,
        0.8012820512820513,
        0.8012820512820513,
        0.8012820512820513,
        0.7987012987012987,
        0.8012820512820513,
        0.7987012987012987,
        0.8012820512820513,
        0.8012820512820513,
        0.7987012987012987,
        0.8012820512820513,
        0.8012820512820513,
        0.8012820512820513,
        0.8012820512820513,
        0.7987012987012987,
        0.8012820512820513,
        0.8012820512820513,
        0.8012820512820513,
        0.7987012987012987,
        0.8012820512820513,
        0.8012820512820513,
        0.7987012987012987,
        0.7987012987012987,
        0.8012820512820513,
        0.7987012987012987,
        0.7960526315789473,
        0.8012820512820513,
        0.8012820512820513,
        0.8,
        0.8012820512820513,
        0.7987012987012987,
        0.8012820512820513,
        0.8012820512820513,
        0.7987012987012987,
        0.7987012987012987,
        0.8012820512820513,
        0.8012820512820513
    ],
    "tree_count": 50
}