{
    "avg_depth": 0.54,
    "max_depth": 3,
    "avg_branching_per_level": {
        "0": 0.66,
        "1": 0.6060606060606061,
        "2": 0.4,
        "3": 0.0
    },
    "branching_distribution_per_level": {
        "0": {
            "0": 35,
            "2": 12,
            "3": 3
        },
        "1": {
            "0": 24,
            "2": 7,
            "3": 2
        },
        "2": {
            "0": 17,
            "2": 1,
            "3": 2
        },
        "3": {
            "0": 8
        }
    },
    "avg_leaf_count_per_tree": 1.68,
    "leaf_ratio_per_tree": [
        1.0,
        1.0,
        0.6666666666666666,
        1.0,
        1.0,
        1.0,
        0.6,
        1.0,
        1.0,
        1.0,
        0.6666666666666666,
        1.0,
        0.6666666666666666,
        1.0,
        0.6666666666666666,
        1.0,
        1.0,
        1.0,
        1.0,
        1.0,
        1.0,
        0.6666666666666666,
        0.75,
        1.0,
        1.0,
        1.0,
        0.6666666666666666,
        1.0,
        1.0,
        1.0,
        1.0,
        1.0,
        0.625,
        1.0,
        0.6,
        1.0,
        0.625,
        1.0,
        0.6,
        0.6666666666666666,
        1.0,
        1.0,
        1.0,
        1.0,
        1.0,
        0.6666666666666666,
        1.0,
        0.625,
        1.0,
        1.0
    ],
    "tree_count": 50
}