{
    "avg_depth": 0.54,
    "max_depth": 3,
    "avg_branching_per_level": {
        "0": 0.84,
        "1": 0.40476190476190477,
        "2": 0.4117647058823529,
        "3": 0.0
    },
    "branching_distribution_per_level": {
        "0": {
            "2": 13,
            "0": 32,
            "3": 4,
            "4": 1
        },
        "1": {
            "0": 35,
            "2": 5,
            "4": 1,
            "3": 1
        },
        "2": {
            "0": 14,
            "2": 2,
            "3": 1
        },
        "3": {
            "0": 7
        }
    },
    "avg_leaf_count_per_tree": 1.76,
    "leaf_ratio_per_tree": [
        0.5714285714285714,
        1.0,
        0.75,
        1.0,
        1.0,
        0.75,
        1.0,
        1.0,
        1.0,
        1.0,
        1.0,
        1.0,
        0.6,
        1.0,
        1.0,
        1.0,
        1.0,
        1.0,
        1.0,
        1.0,
        1.0,
        0.6666666666666666,
        1.0,
        0.6666666666666666,
        1.0,
        0.6666666666666666,
        1.0,
        1.0,
        0.6666666666666666,
        1.0,
        0.6666666666666666,
        0.5714285714285714,
        0.75,
        1.0,
        0.6666666666666666,
        1.0,
        1.0,
        1.0,
        1.0,
        0.8,
        0.6363636363636364,
        1.0,
        0.6666666666666666,
        0.6666666666666666,
        1.0,
        1.0,
        0.6,
        1.0,
        0.75,
        1.0
    ],
    "tree_count": 50
}