{
    "avg_depth": 1.04,
    "max_depth": 3,
    "avg_branching_per_level": {
        "0": 1.8,
        "1": 0.7777777777777778,
        "2": 0.9714285714285714,
        "3": 0.0
    },
    "branching_distribution_per_level": {
        "0": {
            "2": 17,
            "5": 7,
            "3": 3,
            "0": 20,
            "4": 3
        },
        "1": {
            "0": 65,
            "2": 12,
            "4": 7,
            "3": 6
        },
        "2": {
            "0": 45,
            "2": 11,
            "3": 12,
            "5": 2
        },
        "3": {
            "0": 68
        }
    },
    "avg_leaf_count_per_tree": 3.96,
    "leaf_ratio_per_tree": [
        0.6666666666666666,
        0.6875,
        0.6666666666666666,
        0.6666666666666666,
        0.6666666666666666,
        1.0,
        0.7142857142857143,
        0.5555555555555556,
        0.5714285714285714,
        1.0,
        0.6666666666666666,
        1.0,
        0.7777777777777778,
        1.0,
        1.0,
        0.5454545454545454,
        1.0,
        0.7058823529411765,
        0.75,
        0.6666666666666666,
        1.0,
        0.8333333333333334,
        1.0,
        0.8333333333333334,
        1.0,
        0.6666666666666666,
        0.6666666666666666,
        0.6666666666666666,
        1.0,
        0.7333333333333333,
        0.6666666666666666,
        0.8333333333333334,
        0.8333333333333334,
        1.0,
        0.6666666666666666,
        1.0,
        1.0,
        1.0,
        0.6470588235294118,
        1.0,
        1.0,
        0.75,
        1.0,
        1.0,
        1.0,
        0.6666666666666666,
        1.0,
        0.6,
        0.6,
        0.8
    ],
    "tree_count": 50
}