{
    "avg_depth": 0.54,
    "max_depth": 3,
    "avg_branching_per_level": {
        "0": 0.44,
        "1": 1.3636363636363635,
        "2": 0.8666666666666667,
        "3": 0.0
    },
    "branching_distribution_per_level": {
        "0": {
            "0": 39,
            "2": 11
        },
        "1": {
            "0": 11,
            "2": 5,
            "4": 2,
            "3": 4
        },
        "2": {
            "0": 18,
            "2": 10,
            "3": 2
        },
        "3": {
            "0": 26
        }
    },
    "avg_leaf_count_per_tree": 1.88,
    "leaf_ratio_per_tree": [
        1.0,
        1.0,
        1.0,
        1.0,
        1.0,
        1.0,
        0.6,
        0.6666666666666666,
        0.5714285714285714,
        1.0,
        1.0,
        0.6,
        1.0,
        1.0,
        1.0,
        1.0,
        1.0,
        0.5714285714285714,
        0.5714285714285714,
        1.0,
        1.0,
        1.0,
        1.0,
        1.0,
        1.0,
        0.6666666666666666,
        1.0,
        1.0,
        1.0,
        1.0,
        1.0,
        1.0,
        1.0,
        1.0,
        1.0,
        1.0,
        1.0,
        1.0,
        0.625,
        0.6666666666666666,
        0.625,
        1.0,
        1.0,
        1.0,
        0.6190476190476191,
        1.0,
        1.0,
        1.0,
        1.0,
        1.0
    ],
    "tree_count": 50
}