{
    "avg_depth": 1.56,
    "max_depth": 3,
    "avg_branching_per_level": {
        "0": 2.22,
        "1": 1.1801801801801801,
        "2": 1.6412213740458015,
        "3": 0.0
    },
    "branching_distribution_per_level": {
        "0": {
            "5": 13,
            "0": 17,
            "2": 15,
            "3": 4,
            "4": 1
        },
        "1": {
            "5": 9,
            "0": 67,
            "3": 4,
            "2": 25,
            "4": 6
        },
        "2": {
            "5": 9,
            "0": 53,
            "2": 48,
            "4": 11,
            "3": 10
        },
        "3": {
            "0": 215
        }
    },
    "avg_leaf_count_per_tree": 7.04,
    "leaf_ratio_per_tree": [
        0.72,
        1.0,
        0.6,
        0.7777777777777778,
        1.0,
        0.6666666666666666,
        0.5714285714285714,
        0.6666666666666666,
        0.6470588235294118,
        1.0,
        0.5714285714285714,
        1.0,
        0.6666666666666666,
        0.6666666666666666,
        0.6666666666666666,
        1.0,
        0.75,
        1.0,
        1.0,
        0.68,
        0.6666666666666666,
        0.75,
        0.7027027027027027,
        1.0,
        0.7222222222222222,
        0.6666666666666666,
        1.0,
        1.0,
        0.6666666666666666,
        0.5555555555555556,
        1.0,
        0.72,
        1.0,
        0.6666666666666666,
        1.0,
        1.0,
        0.6666666666666666,
        0.5384615384615384,
        0.625,
        1.0,
        1.0,
        0.75,
        0.7123287671232876,
        0.6666666666666666,
        0.75,
        0.6363636363636364,
        1.0,
        0.75,
        0.625,
        0.5833333333333334
    ],
    "tree_count": 50
}