{
    "avg_depth": 2.08,
    "max_depth": 3,
    "avg_branching_per_level": {
        "0": 3.1,
        "1": 2.47741935483871,
        "2": 0.6901041666666666,
        "3": 0.0
    },
    "branching_distribution_per_level": {
        "0": {
            "2": 7,
            "5": 25,
            "0": 13,
            "3": 4,
            "4": 1
        },
        "1": {
            "2": 41,
            "5": 18,
            "3": 40,
            "0": 33,
            "4": 23
        },
        "2": {
            "0": 265,
            "3": 7,
            "2": 105,
            "5": 6,
            "4": 1
        },
        "3": {
            "0": 265
        }
    },
    "avg_leaf_count_per_tree": 11.52,
    "leaf_ratio_per_tree": [
        0.6,
        0.7142857142857143,
        0.6666666666666666,
        0.7096774193548387,
        0.6666666666666666,
        0.7058823529411765,
        0.6428571428571429,
        1.0,
        1.0,
        1.0,
        0.6538461538461539,
        0.6666666666666666,
        0.65625,
        0.6666666666666666,
        0.75,
        0.6,
        1.0,
        0.7142857142857143,
        0.6190476190476191,
        0.6666666666666666,
        0.7058823529411765,
        1.0,
        1.0,
        0.65,
        0.65,
        0.6774193548387096,
        0.68,
        0.6842105263157895,
        1.0,
        0.7058823529411765,
        0.6666666666666666,
        0.6666666666666666,
        1.0,
        0.6285714285714286,
        1.0,
        1.0,
        0.6551724137931034,
        0.6,
        1.0,
        0.6451612903225806,
        0.65,
        0.7037037037037037,
        0.6,
        1.0,
        0.6551724137931034,
        0.6551724137931034,
        0.6756756756756757,
        1.0,
        0.6842105263157895,
        0.6818181818181818
    ],
    "tree_count": 50
}