{
    "avg_depth": 2.14,
    "max_depth": 3,
    "avg_branching_per_level": {
        "0": 3.52,
        "1": 2.5511363636363638,
        "2": 2.917594654788419,
        "3": 0.0
    },
    "branching_distribution_per_level": {
        "0": {
            "5": 31,
            "0": 11,
            "2": 5,
            "4": 2,
            "3": 1
        },
        "1": {
            "0": 58,
            "5": 58,
            "3": 25,
            "4": 7,
            "2": 28
        },
        "2": {
            "5": 183,
            "0": 118,
            "2": 73,
            "4": 24,
            "3": 51
        },
        "3": {
            "0": 1310
        }
    },
    "avg_leaf_count_per_tree": 29.94,
    "leaf_ratio_per_tree": [
        0.8021978021978022,
        0.75,
        1.0,
        0.7735849056603774,
        0.7142857142857143,
        0.7647058823529411,
        0.7727272727272727,
        0.6666666666666666,
        0.6666666666666666,
        0.6666666666666666,
        0.792,
        0.6666666666666666,
        1.0,
        0.6666666666666666,
        0.796875,
        0.6730769230769231,
        0.6,
        0.7931034482758621,
        1.0,
        1.0,
        0.7142857142857143,
        1.0,
        0.6956521739130435,
        0.75,
        0.6666666666666666,
        0.6585365853658537,
        0.6875,
        1.0,
        0.6875,
        0.788235294117647,
        0.6666666666666666,
        0.7755102040816326,
        0.75,
        0.6666666666666666,
        0.7978723404255319,
        0.7272727272727273,
        1.0,
        0.6486486486486487,
        0.796875,
        1.0,
        1.0,
        1.0,
        0.782608695652174,
        0.7611940298507462,
        0.75,
        0.6666666666666666,
        0.7592592592592593,
        0.7,
        0.7368421052631579,
        1.0
    ],
    "tree_count": 50
}