layer,level,avg_branching
3,0,0.0
3,1,1.529100529100529
3,2,2.4545454545454546
3,3,1.54
