layer,level,avg_branching
12,0,0.0
12,1,1.242603550295858
12,2,1.8369565217391304
12,3,1.84
