layer,level,avg_branching
0,0,0.0
0,1,1.5026178010471205
0,2,2.0105263157894737
0,3,1.9
