layer,level,avg_branching
18,0,0.0
18,1,1.3807339449541285
18,2,2.294736842105263
18,3,1.9
