layer,level,avg_branching
9,0,0.0
9,1,1.378238341968912
9,2,2.120879120879121
9,3,1.82
