layer,level,avg_branching
6,0,0.0
6,1,1.198952879581152
6,2,1.7363636363636363
6,3,2.2
