layer,level,avg_branching
15,0,0.0
15,1,1.095617529880478
15,2,2.091666666666667
15,3,2.4
