layer,level,avg_branching
25,0,0.0
25,1,1.9171597633136095
25,2,2.2533333333333334
25,3,1.5
