layer,level,avg_branching
21,0,0.0
21,1,1.6903553299492386
21,2,2.264367816091954
21,3,1.74
