{
  "level": 3,
  "layer": 0,
  "num_concepts": 50,
  "concept_scores": {
    "mean": 0.4975,
    "std": 0.5626333175346089,
    "min": 0.0,
    "max": 2.0,
    "count": 50
  },
  "final_scores": {
    "mean": 0.37,
    "std": 0.38239377609997777,
    "min": 0.0,
    "max": 1.3333333333333333,
    "count": 50
  },
  "fluency_scores": {
    "mean": 0.84,
    "std": 0.20922475952907676,
    "min": 0.25,
    "max": 1.25,
    "count": 50
  }
}