{
  "level": 0,
  "layer": 11,
  "num_concepts": 301,
  "concept_scores": {
    "mean": 0.5556478405315615,
    "std": 0.38961987894624617,
    "min": 0.0,
    "max": 2.0,
    "count": 301
  },
  "final_scores": {
    "mean": 0.4186046511627907,
    "std": 0.27240576452572024,
    "min": 0.0,
    "max": 1.2083333333333333,
    "count": 301
  },
  "fluency_scores": {
    "mean": 0.8151993355481728,
    "std": 0.21961411370045317,
    "min": 0.125,
    "max": 1.25,
    "count": 301
  }
}