{
  "level": 3,
  "layer": 3,
  "num_concepts": 50,
  "concept_scores": {
    "mean": 0.84,
    "std": 0.7742092740338365,
    "min": 0.0,
    "max": 2.0,
    "count": 50
  },
  "final_scores": {
    "mean": 0.5316666666666666,
    "std": 0.4756983170969694,
    "min": 0.0,
    "max": 1.3333333333333333,
    "count": 50
  },
  "fluency_scores": {
    "mean": 0.815,
    "std": 0.20802644062714723,
    "min": 0.25,
    "max": 1.125,
    "count": 50
  }
}