{
  "level": 1,
  "layer": 9,
  "num_concepts": 174,
  "concept_scores": {
    "mean": 0.5517241379310345,
    "std": 0.3530713577596374,
    "min": 0.0,
    "max": 1.75,
    "count": 174
  },
  "final_scores": {
    "mean": 0.4279214559386973,
    "std": 0.26284651074613474,
    "min": 0.0,
    "max": 1.25,
    "count": 174
  },
  "fluency_scores": {
    "mean": 0.798132183908046,
    "std": 0.18980885666281314,
    "min": 0.25,
    "max": 1.125,
    "count": 174
  }
}