{
  "level": 2,
  "layer": 3,
  "num_concepts": 100,
  "concept_scores": {
    "mean": 0.765,
    "std": 0.739146467217425,
    "min": 0.0,
    "max": 2.0,
    "count": 100
  },
  "final_scores": {
    "mean": 0.4829166666666667,
    "std": 0.45541094842399693,
    "min": 0.0,
    "max": 1.4166666666666667,
    "count": 100
  },
  "fluency_scores": {
    "mean": 0.79125,
    "std": 0.20619696287773007,
    "min": 0.125,
    "max": 1.125,
    "count": 100
  }
}