layer,level,avg_branching
9,0,0.0
9,1,0.9714285714285714
9,2,0.7777777777777778
9,3,1.8
