layer,level,avg_branching
6,0,0.0
6,1,2.3604436229205175
6,2,2.5046296296296298
6,3,4.32
