layer,level,avg_branching
1,0,0.0
1,1,1.6412213740458015
1,2,1.1801801801801801
1,3,2.22
