{
    "avg_depth": 3.0,
    "max_depth": 3,
    "avg_branching_per_level": {
        "0": 5.0,
        "1": 5.0,
        "2": 4.9448,
        "3": 0.0
    },
    "branching_distribution_per_level": {
        "0": {
            "5": 50
        },
        "1": {
            "5": 250
        },
        "2": {
            "5": 1219,
            "3": 26,
            "0": 3,
            "4": 2
        },
        "3": {
            "0": 6181
        }
    },
    "avg_leaf_count_per_tree": 123.68,
    "leaf_ratio_per_tree": [
        0.7987012987012987,
        0.7986577181208053,
        0.8013245033112583,
        0.7987012987012987,
        0.7987012987012987,
        0.8012820512820513,
        0.7987012987012987,
        0.8012820512820513,
        0.8012820512820513,
        0.7987012987012987,
        0.7987012987012987,
        0.8012820512820513,
        0.7987012987012987,
        0.8012820512820513,
        0.8012820512820513,
        0.8012820512820513,
        0.7987012987012987,
        0.7960526315789473,
        0.8012820512820513,
        0.7987012987012987,
        0.8012820512820513,
        0.7973856209150327,
        0.8012820512820513,
        0.8012820512820513,
        0.7987012987012987,
        0.8013245033112583,
        0.7987012987012987,
        0.7987012987012987,
        0.8012820512820513,
        0.8012820512820513,
        0.7973856209150327,
        0.8012820512820513,
        0.7987012987012987,
        0.7987012987012987,
        0.7987012987012987,
        0.8012820512820513,
        0.7987012987012987,
        0.8012820512820513,
        0.8012820512820513,
        0.7987012987012987,
        0.8012820512820513,
        0.8012820512820513,
        0.7987012987012987,
        0.8012820512820513,
        0.8012820512820513,
        0.8012820512820513,
        0.7987012987012987,
        0.8012820512820513,
        0.7987012987012987,
        0.7987012987012987
    ],
    "tree_count": 50
}