{
    "avg_depth": 1.16,
    "max_depth": 3,
    "avg_branching_per_level": {
        "0": 1.44,
        "1": 0.9166666666666666,
        "2": 0.803030303030303,
        "3": 0.0
    },
    "branching_distribution_per_level": {
        "0": {
            "0": 21,
            "3": 14,
            "2": 15
        },
        "1": {
            "2": 15,
            "0": 45,
            "3": 12
        },
        "2": {
            "0": 44,
            "2": 13,
            "3": 9
        },
        "3": {
            "0": 53
        }
    },
    "avg_leaf_count_per_tree": 3.26,
    "leaf_ratio_per_tree": [
        1.0,
        0.625,
        1.0,
        0.6,
        0.6,
        0.6666666666666666,
        1.0,
        1.0,
        1.0,
        0.6666666666666666,
        1.0,
        1.0,
        0.6666666666666666,
        0.631578947368421,
        0.5714285714285714,
        0.625,
        0.625,
        0.6,
        0.6666666666666666,
        1.0,
        0.6666666666666666,
        0.6,
        0.6666666666666666,
        1.0,
        0.75,
        1.0,
        0.625,
        1.0,
        1.0,
        0.6666666666666666,
        1.0,
        0.625,
        0.6666666666666666,
        0.75,
        0.6666666666666666,
        1.0,
        1.0,
        1.0,
        1.0,
        0.625,
        1.0,
        0.75,
        1.0,
        0.6666666666666666,
        1.0,
        1.0,
        0.6,
        0.75,
        0.75,
        0.6666666666666666
    ],
    "tree_count": 50
}