{
    "avg_depth": 3.0,
    "max_depth": 3,
    "avg_branching_per_level": {
        "0": 3.0,
        "1": 3.0,
        "2": 2.986666666666667,
        "3": 0.0
    },
    "branching_distribution_per_level": {
        "0": {
            "3": 50
        },
        "1": {
            "3": 150
        },
        "2": {
            "3": 448,
            "0": 2
        },
        "3": {
            "0": 1344
        }
    },
    "avg_leaf_count_per_tree": 26.92,
    "leaf_ratio_per_tree": [
        0.675,
        0.675,
        0.6756756756756757,
        0.675,
        0.675,
        0.675,
        0.675,
        0.675,
        0.675,
        0.675,
        0.675,
        0.675,
        0.675,
        0.675,
        0.675,
        0.675,
        0.675,
        0.675,
        0.675,
        0.675,
        0.675,
        0.675,
        0.675,
        0.675,
        0.675,
        0.6756756756756757,
        0.675,
        0.675,
        0.675,
        0.675,
        0.675,
        0.675,
        0.675,
        0.675,
        0.675,
        0.675,
        0.675,
        0.675,
        0.675,
        0.675,
        0.675,
        0.675,
        0.675,
        0.675,
        0.675,
        0.675,
        0.675,
        0.675,
        0.675,
        0.675
    ],
    "tree_count": 50
}