{
    "avg_depth": 1.28,
    "max_depth": 3,
    "avg_branching_per_level": {
        "0": 1.8,
        "1": 1.1111111111111112,
        "2": 1.09,
        "3": 0.0
    },
    "branching_distribution_per_level": {
        "0": {
            "0": 21,
            "3": 4,
            "2": 15,
            "5": 8,
            "4": 2
        },
        "1": {
            "2": 20,
            "0": 50,
            "3": 20
        },
        "2": {
            "0": 62,
            "2": 23,
            "4": 4,
            "5": 7,
            "3": 4
        },
        "3": {
            "0": 109
        }
    },
    "avg_leaf_count_per_tree": 4.84,
    "leaf_ratio_per_tree": [
        1.0,
        0.625,
        1.0,
        0.6,
        0.625,
        0.7027027027027027,
        1.0,
        1.0,
        1.0,
        0.6666666666666666,
        1.0,
        1.0,
        0.6666666666666666,
        0.7058823529411765,
        0.5714285714285714,
        0.6666666666666666,
        0.6666666666666666,
        0.6363636363636364,
        0.6666666666666666,
        1.0,
        0.6666666666666666,
        0.6363636363636364,
        0.71875,
        1.0,
        0.6666666666666666,
        1.0,
        0.6842105263157895,
        1.0,
        1.0,
        0.6666666666666666,
        1.0,
        0.625,
        0.6666666666666666,
        0.75,
        0.6666666666666666,
        1.0,
        1.0,
        1.0,
        1.0,
        0.625,
        1.0,
        0.6666666666666666,
        1.0,
        0.6666666666666666,
        1.0,
        1.0,
        0.6,
        0.75,
        0.6666666666666666,
        0.6896551724137931
    ],
    "tree_count": 50
}