{
    "avg_depth": 0.68,
    "max_depth": 3,
    "avg_branching_per_level": {
        "0": 1.02,
        "1": 0.37254901960784315,
        "2": 1.3157894736842106,
        "3": 0.0
    },
    "branching_distribution_per_level": {
        "0": {
            "0": 30,
            "5": 2,
            "2": 13,
            "3": 5
        },
        "1": {
            "0": 42,
            "2": 8,
            "3": 1
        },
        "2": {
            "0": 9,
            "2": 7,
            "3": 1,
            "4": 2
        },
        "3": {
            "0": 25
        }
    },
    "avg_leaf_count_per_tree": 2.12,
    "leaf_ratio_per_tree": [
        1.0,
        0.7,
        1.0,
        0.6666666666666666,
        1.0,
        0.75,
        0.5714285714285714,
        1.0,
        1.0,
        1.0,
        1.0,
        1.0,
        1.0,
        1.0,
        1.0,
        0.75,
        1.0,
        0.6666666666666666,
        1.0,
        1.0,
        1.0,
        1.0,
        1.0,
        0.6666666666666666,
        1.0,
        0.6666666666666666,
        0.6666666666666666,
        0.6,
        1.0,
        0.5384615384615384,
        1.0,
        1.0,
        0.6666666666666666,
        0.625,
        0.6666666666666666,
        1.0,
        1.0,
        0.6666666666666666,
        1.0,
        1.0,
        1.0,
        0.8333333333333334,
        0.75,
        0.6666666666666666,
        0.6,
        1.0,
        1.0,
        0.75,
        1.0,
        1.0
    ],
    "tree_count": 50
}