{
    "avg_depth": 2.6,
    "max_depth": 3,
    "avg_branching_per_level": {
        "0": 4.32,
        "1": 2.5046296296296298,
        "2": 2.3604436229205175,
        "3": 0.0
    },
    "branching_distribution_per_level": {
        "0": {
            "3": 5,
            "4": 1,
            "5": 39,
            "0": 4,
            "2": 1
        },
        "1": {
            "0": 71,
            "4": 10,
            "5": 71,
            "2": 46,
            "3": 18
        },
        "2": {
            "3": 9,
            "0": 239,
            "2": 62,
            "5": 202,
            "4": 29
        },
        "3": {
            "0": 1277
        }
    },
    "avg_leaf_count_per_tree": 31.82,
    "leaf_ratio_per_tree": [
        0.75,
        0.6944444444444444,
        0.75,
        0.78125,
        0.75,
        1.0,
        0.6666666666666666,
        0.7560975609756098,
        1.0,
        0.7931034482758621,
        0.72,
        0.7446808510638298,
        1.0,
        0.7291666666666666,
        0.75,
        0.7222222222222222,
        0.7702702702702703,
        0.78,
        1.0,
        0.65,
        0.6923076923076923,
        0.7,
        0.7560975609756098,
        0.6956521739130435,
        0.6,
        0.7938144329896907,
        0.6111111111111112,
        0.75,
        0.7752808988764045,
        0.7631578947368421,
        0.7714285714285715,
        0.7790697674418605,
        0.72,
        0.75,
        0.7701149425287356,
        0.6666666666666666,
        0.7843137254901961,
        0.7857142857142857,
        0.788235294117647,
        0.7659574468085106,
        0.7733333333333333,
        0.7901234567901234,
        0.8076923076923077,
        0.7741935483870968,
        0.7777777777777778,
        0.782608695652174,
        0.6875,
        0.7058823529411765,
        0.7380952380952381,
        0.7719298245614035
    ],
    "tree_count": 50
}