{
    "avg_depth": 0.6,
    "max_depth": 3,
    "avg_branching_per_level": {
        "0": 0.98,
        "1": 0.2653061224489796,
        "2": 0.7692307692307693,
        "3": 0.0
    },
    "branching_distribution_per_level": {
        "0": {
            "3": 7,
            "2": 14,
            "0": 29
        },
        "1": {
            "0": 43,
            "2": 5,
            "3": 1
        },
        "2": {
            "0": 9,
            "3": 2,
            "2": 2
        },
        "3": {
            "0": 10
        }
    },
    "avg_leaf_count_per_tree": 1.82,
    "leaf_ratio_per_tree": [
        0.75,
        0.6666666666666666,
        0.6,
        1.0,
        0.6666666666666666,
        1.0,
        1.0,
        1.0,
        1.0,
        1.0,
        1.0,
        1.0,
        0.6666666666666666,
        1.0,
        0.75,
        1.0,
        1.0,
        1.0,
        0.75,
        0.75,
        1.0,
        0.75,
        1.0,
        0.6666666666666666,
        1.0,
        0.6,
        1.0,
        1.0,
        1.0,
        0.6666666666666666,
        1.0,
        1.0,
        0.75,
        1.0,
        1.0,
        0.625,
        0.6666666666666666,
        0.6666666666666666,
        0.6363636363636364,
        0.6666666666666666,
        1.0,
        0.5714285714285714,
        1.0,
        1.0,
        1.0,
        0.6666666666666666,
        1.0,
        1.0,
        1.0,
        0.6666666666666666
    ],
    "tree_count": 50
}