{
    "avg_depth": 1.08,
    "max_depth": 3,
    "avg_branching_per_level": {
        "0": 1.74,
        "1": 0.6206896551724138,
        "2": 1.0740740740740742,
        "3": 0.0
    },
    "branching_distribution_per_level": {
        "0": {
            "5": 8,
            "4": 4,
            "0": 24,
            "2": 11,
            "3": 3
        },
        "1": {
            "0": 66,
            "2": 13,
            "3": 4,
            "4": 4
        },
        "2": {
            "0": 33,
            "2": 10,
            "3": 6,
            "4": 5
        },
        "3": {
            "0": 58
        }
    },
    "avg_leaf_count_per_tree": 3.62,
    "leaf_ratio_per_tree": [
        0.7,
        0.7,
        1.0,
        1.0,
        0.7368421052631579,
        0.6666666666666666,
        0.7272727272727273,
        0.6666666666666666,
        0.6666666666666666,
        0.6666666666666666,
        0.5714285714285714,
        0.6,
        0.6666666666666666,
        1.0,
        1.0,
        0.6666666666666666,
        0.7647058823529411,
        0.75,
        1.0,
        0.6,
        1.0,
        0.7,
        1.0,
        0.7142857142857143,
        1.0,
        0.625,
        1.0,
        0.75,
        1.0,
        1.0,
        0.7,
        1.0,
        1.0,
        1.0,
        1.0,
        1.0,
        1.0,
        1.0,
        1.0,
        0.5882352941176471,
        1.0,
        1.0,
        0.6666666666666666,
        1.0,
        0.75,
        1.0,
        1.0,
        0.8333333333333334,
        0.8,
        0.8333333333333334
    ],
    "tree_count": 50
}