{
    "avg_depth": 3.0,
    "max_depth": 3,
    "avg_branching_per_level": {
        "0": 4.94,
        "1": 4.251012145748988,
        "2": 3.6085714285714285,
        "3": 0.0
    },
    "branching_distribution_per_level": {
        "0": {
            "5": 47,
            "4": 3
        },
        "1": {
            "5": 202,
            "0": 30,
            "3": 6,
            "4": 2,
            "2": 7
        },
        "2": {
            "0": 201,
            "4": 70,
            "2": 104,
            "3": 37,
            "5": 638
        },
        "3": {
            "0": 3789
        }
    },
    "avg_leaf_count_per_tree": 80.4,
    "leaf_ratio_per_tree": [
        0.7291666666666666,
        0.7685185185185185,
        0.792,
        0.8,
        0.7867647058823529,
        0.7580645161290323,
        0.7741935483870968,
        0.7848101265822784,
        0.7789473684210526,
        0.7941176470588235,
        0.8013698630136986,
        0.7608695652173914,
        0.7818181818181819,
        0.7985611510791367,
        0.7876106194690266,
        0.7815126050420168,
        0.7291666666666666,
        0.7540983606557377,
        0.7727272727272727,
        0.7816091954022989,
        0.7883211678832117,
        0.7857142857142857,
        0.8,
        0.7758620689655172,
        0.794392523364486,
        0.7722772277227723,
        0.7564102564102564,
        0.8,
        0.7608695652173914,
        0.782258064516129,
        0.7666666666666667,
        0.7870370370370371,
        0.7676767676767676,
        0.7876712328767124,
        0.7721518987341772,
        0.782608695652174,
        0.7530864197530864,
        0.7938931297709924,
        0.7857142857142857,
        0.7902097902097902,
        0.7741935483870968,
        0.7883211678832117,
        0.7830188679245284,
        0.7889908256880734,
        0.7641509433962265,
        0.784,
        0.7608695652173914,
        0.8,
        0.7931034482758621,
        0.7913043478260869
    ],
    "tree_count": 50
}