{
    "avg_depth": 2.04,
    "max_depth": 3,
    "avg_branching_per_level": {
        "0": 2.24,
        "1": 1.8214285714285714,
        "2": 2.053921568627451,
        "3": 0.0
    },
    "branching_distribution_per_level": {
        "0": {
            "3": 34,
            "0": 11,
            "2": 5
        },
        "1": {
            "0": 39,
            "3": 58,
            "2": 15
        },
        "2": {
            "3": 117,
            "0": 53,
            "2": 34
        },
        "3": {
            "0": 419
        }
    },
    "avg_leaf_count_per_tree": 10.44,
    "leaf_ratio_per_tree": [
        0.6875,
        0.75,
        1.0,
        0.6923076923076923,
        0.6153846153846154,
        0.675,
        0.675,
        0.6190476190476191,
        0.6666666666666666,
        0.6666666666666666,
        0.675,
        0.6666666666666666,
        1.0,
        0.6666666666666666,
        0.6785714285714286,
        0.6333333333333333,
        0.6,
        0.675,
        1.0,
        1.0,
        0.64,
        1.0,
        0.6521739130434783,
        0.6666666666666666,
        0.625,
        0.6153846153846154,
        0.6428571428571429,
        1.0,
        0.6666666666666666,
        0.675,
        0.625,
        0.6666666666666666,
        0.75,
        0.625,
        0.6785714285714286,
        0.625,
        1.0,
        0.631578947368421,
        0.6875,
        1.0,
        1.0,
        1.0,
        0.675,
        0.6470588235294118,
        0.75,
        0.6666666666666666,
        0.6666666666666666,
        0.625,
        0.6666666666666666,
        1.0
    ],
    "tree_count": 50
}