{
    "avg_depth": 0.96,
    "max_depth": 3,
    "avg_branching_per_level": {
        "0": 1.34,
        "1": 0.5223880597014925,
        "2": 1.0857142857142856,
        "3": 0.0
    },
    "branching_distribution_per_level": {
        "0": {
            "3": 15,
            "0": 24,
            "2": 11
        },
        "1": {
            "0": 53,
            "2": 7,
            "3": 7
        },
        "2": {
            "0": 20,
            "2": 7,
            "3": 8
        },
        "3": {
            "0": 38
        }
    },
    "avg_leaf_count_per_tree": 2.7,
    "leaf_ratio_per_tree": [
        0.6666666666666666,
        0.6666666666666666,
        1.0,
        1.0,
        0.6923076923076923,
        0.6666666666666666,
        0.75,
        0.6666666666666666,
        0.6666666666666666,
        0.6428571428571429,
        0.5714285714285714,
        0.6,
        0.6666666666666666,
        1.0,
        1.0,
        0.6666666666666666,
        0.6923076923076923,
        0.75,
        1.0,
        0.6,
        1.0,
        0.6666666666666666,
        1.0,
        0.6666666666666666,
        1.0,
        0.625,
        1.0,
        0.75,
        1.0,
        1.0,
        0.75,
        1.0,
        1.0,
        1.0,
        1.0,
        1.0,
        1.0,
        1.0,
        1.0,
        0.6,
        1.0,
        1.0,
        0.6666666666666666,
        1.0,
        0.75,
        1.0,
        1.0,
        0.75,
        0.75,
        0.75
    ],
    "tree_count": 50
}