{
  "level": 1,
  "layer": 11,
  "num_concepts": 146,
  "concept_scores": {
    "mean": 0.535958904109589,
    "std": 0.40622270827969065,
    "min": 0.0,
    "max": 1.75,
    "count": 146
  },
  "final_scores": {
    "mean": 0.4218036529680365,
    "std": 0.3050146281673924,
    "min": 0.0,
    "max": 1.1666666666666667,
    "count": 146
  },
  "fluency_scores": {
    "mean": 0.8501712328767124,
    "std": 0.21282703632675692,
    "min": 0.125,
    "max": 1.25,
    "count": 146
  }
}