{
  "level": 2,
  "layer": 0,
  "num_concepts": 100,
  "concept_scores": {
    "mean": 0.82,
    "std": 0.7034113305882983,
    "min": 0.0,
    "max": 2.0,
    "count": 100
  },
  "final_scores": {
    "mean": 0.5683333333333332,
    "std": 0.4628384647416897,
    "min": 0.0,
    "max": 1.5,
    "count": 100
  },
  "fluency_scores": {
    "mean": 0.835,
    "std": 0.2410134850999006,
    "min": 0.125,
    "max": 1.25,
    "count": 100
  }
}