{
  "level": 1,
  "layer": 3,
  "num_concepts": 200,
  "concept_scores": {
    "mean": 0.72,
    "std": 0.7428029684916452,
    "min": 0.0,
    "max": 2.0,
    "count": 200
  },
  "final_scores": {
    "mean": 0.48375,
    "std": 0.4744475954553182,
    "min": 0.0,
    "max": 1.4166666666666667,
    "count": 200
  },
  "fluency_scores": {
    "mean": 0.823125,
    "std": 0.2085206449611165,
    "min": 0.125,
    "max": 1.25,
    "count": 200
  }
}