{
  "level": 2,
  "layer": 9,
  "num_concepts": 92,
  "concept_scores": {
    "mean": 0.5230978260869565,
    "std": 0.33678938263571145,
    "min": 0.0,
    "max": 1.25,
    "count": 92
  },
  "final_scores": {
    "mean": 0.41983695652173914,
    "std": 0.2756493278048028,
    "min": 0.0,
    "max": 1.0833333333333333,
    "count": 92
  },
  "fluency_scores": {
    "mean": 0.8029891304347826,
    "std": 0.21353146059646866,
    "min": 0.25,
    "max": 1.125,
    "count": 92
  }
}