{
  "level": 3,
  "layer": 11,
  "num_concepts": 35,
  "concept_scores": {
    "mean": 0.5857142857142857,
    "std": 0.45195155059102593,
    "min": 0.0,
    "max": 1.625,
    "count": 35
  },
  "final_scores": {
    "mean": 0.4607142857142857,
    "std": 0.37200428520195405,
    "min": 0.0,
    "max": 1.2916666666666665,
    "count": 35
  },
  "fluency_scores": {
    "mean": 0.8571428571428571,
    "std": 0.2624453295839119,
    "min": 0.125,
    "max": 1.375,
    "count": 35
  }
}