{
  "level": 0,
  "layer": 9,
  "num_concepts": 352,
  "concept_scores": {
    "mean": 0.5422585227272727,
    "std": 0.3530992226087571,
    "min": 0.0,
    "max": 1.75,
    "count": 352
  },
  "final_scores": {
    "mean": 0.40542140151515144,
    "std": 0.25361730397950716,
    "min": 0.0,
    "max": 1.2083333333333333,
    "count": 352
  },
  "fluency_scores": {
    "mean": 0.7986505681818182,
    "std": 0.20488518139800974,
    "min": 0.25,
    "max": 1.25,
    "count": 352
  }
}