{
    "avg_depth": 1.96,
    "max_depth": 3,
    "avg_branching_per_level": {
        "0": 1.9,
        "1": 2.294736842105263,
        "2": 1.3807339449541285,
        "3": 0.0
    },
    "branching_distribution_per_level": {
        "0": {
            "0": 16,
            "5": 1,
            "4": 7,
            "2": 16,
            "3": 10
        },
        "1": {
            "0": 29,
            "5": 12,
            "4": 17,
            "2": 21,
            "3": 16
        },
        "2": {
            "3": 50,
            "0": 108,
            "2": 47,
            "4": 8,
            "5": 5
        },
        "3": {
            "0": 301
        }
    },
    "avg_leaf_count_per_tree": 9.08,
    "leaf_ratio_per_tree": [
        1.0,
        0.7,
        1.0,
        0.6451612903225806,
        0.625,
        1.0,
        0.6666666666666666,
        0.631578947368421,
        1.0,
        0.65,
        0.6666666666666666,
        1.0,
        1.0,
        1.0,
        0.6666666666666666,
        1.0,
        0.7272727272727273,
        0.6956521739130435,
        0.7058823529411765,
        1.0,
        0.6956521739130435,
        0.5714285714285714,
        0.7058823529411765,
        1.0,
        0.5555555555555556,
        0.6666666666666666,
        0.6666666666666666,
        0.64,
        0.6785714285714286,
        0.6428571428571429,
        1.0,
        0.6666666666666666,
        0.7142857142857143,
        1.0,
        0.7,
        1.0,
        0.6666666666666666,
        0.6857142857142857,
        1.0,
        0.5714285714285714,
        0.6818181818181818,
        0.7037037037037037,
        0.6666666666666666,
        0.7058823529411765,
        0.6666666666666666,
        0.7058823529411765,
        1.0,
        1.0,
        0.6842105263157895,
        0.6538461538461539
    ],
    "tree_count": 50
}