{
    "avg_depth": 1.76,
    "max_depth": 3,
    "avg_branching_per_level": {
        "0": 1.9,
        "1": 2.0105263157894737,
        "2": 1.5026178010471205,
        "3": 0.0
    },
    "branching_distribution_per_level": {
        "0": {
            "4": 11,
            "0": 19,
            "3": 8,
            "2": 11,
            "5": 1
        },
        "1": {
            "0": 35,
            "4": 7,
            "5": 13,
            "2": 22,
            "3": 18
        },
        "2": {
            "0": 99,
            "2": 26,
            "5": 12,
            "3": 41,
            "4": 13
        },
        "3": {
            "0": 287
        }
    },
    "avg_leaf_count_per_tree": 8.8,
    "leaf_ratio_per_tree": [
        0.7428571428571429,
        0.7058823529411765,
        1.0,
        0.6818181818181818,
        0.625,
        0.7272727272727273,
        0.6428571428571429,
        0.7,
        1.0,
        0.7142857142857143,
        0.6666666666666666,
        0.6666666666666666,
        0.7083333333333334,
        1.0,
        1.0,
        0.75,
        0.7142857142857143,
        1.0,
        0.6153846153846154,
        0.7419354838709677,
        0.6363636363636364,
        0.6923076923076923,
        0.6666666666666666,
        1.0,
        0.6666666666666666,
        1.0,
        1.0,
        0.7241379310344828,
        0.6944444444444444,
        0.7209302325581395,
        1.0,
        0.625,
        0.7,
        0.7037037037037037,
        1.0,
        1.0,
        1.0,
        1.0,
        0.6666666666666666,
        1.0,
        0.7307692307692307,
        1.0,
        0.7333333333333333,
        0.6153846153846154,
        1.0,
        1.0,
        0.7272727272727273,
        1.0,
        1.0,
        0.6428571428571429
    ],
    "tree_count": 50
}