{
    "avg_depth": 1.68,
    "max_depth": 3,
    "avg_branching_per_level": {
        "0": 1.74,
        "1": 2.264367816091954,
        "2": 1.6903553299492386,
        "3": 0.0
    },
    "branching_distribution_per_level": {
        "0": {
            "3": 9,
            "0": 22,
            "5": 6,
            "4": 2,
            "2": 11
        },
        "1": {
            "2": 37,
            "0": 18,
            "4": 13,
            "3": 12,
            "5": 7
        },
        "2": {
            "2": 60,
            "5": 14,
            "0": 80,
            "3": 29,
            "4": 14
        },
        "3": {
            "0": 333
        }
    },
    "avg_leaf_count_per_tree": 9.06,
    "leaf_ratio_per_tree": [
        0.7,
        1.0,
        0.6829268292682927,
        0.6857142857142857,
        0.6363636363636364,
        0.5714285714285714,
        0.7037037037037037,
        1.0,
        0.625,
        1.0,
        0.75,
        1.0,
        1.0,
        1.0,
        0.6111111111111112,
        0.6875,
        1.0,
        1.0,
        0.625,
        1.0,
        1.0,
        0.6842105263157895,
        0.7017543859649122,
        0.7692307692307693,
        0.6470588235294118,
        0.6521739130434783,
        0.6666666666666666,
        1.0,
        0.6666666666666666,
        0.6578947368421053,
        1.0,
        1.0,
        1.0,
        1.0,
        1.0,
        0.625,
        1.0,
        0.5789473684210527,
        0.6086956521739131,
        0.6153846153846154,
        1.0,
        0.6666666666666666,
        0.6756756756756757,
        0.6666666666666666,
        1.0,
        0.6666666666666666,
        1.0,
        1.0,
        1.0,
        0.6875
    ],
    "tree_count": 50
}