{
    "avg_depth": 2.26,
    "max_depth": 3,
    "avg_branching_per_level": {
        "0": 2.4,
        "1": 2.091666666666667,
        "2": 1.095617529880478,
        "3": 0.0
    },
    "branching_distribution_per_level": {
        "0": {
            "2": 15,
            "0": 11,
            "3": 11,
            "5": 5,
            "4": 8
        },
        "1": {
            "3": 31,
            "5": 14,
            "2": 34,
            "0": 36,
            "4": 5
        },
        "2": {
            "0": 142,
            "2": 74,
            "3": 23,
            "5": 10,
            "4": 2
        },
        "3": {
            "0": 275
        }
    },
    "avg_leaf_count_per_tree": 9.28,
    "leaf_ratio_per_tree": [
        0.65,
        1.0,
        0.625,
        1.0,
        0.6428571428571429,
        0.6538461538461539,
        0.5555555555555556,
        0.7,
        0.6666666666666666,
        0.6428571428571429,
        1.0,
        0.6666666666666666,
        0.6666666666666666,
        0.6428571428571429,
        0.6521739130434783,
        0.6,
        0.6875,
        0.6666666666666666,
        1.0,
        0.7272727272727273,
        0.6666666666666666,
        0.6521739130434783,
        0.7083333333333334,
        0.6785714285714286,
        0.6842105263157895,
        0.6,
        0.8,
        0.65,
        0.6875,
        0.6153846153846154,
        1.0,
        0.65,
        0.625,
        0.7,
        1.0,
        0.6666666666666666,
        0.6666666666666666,
        1.0,
        0.6521739130434783,
        0.6923076923076923,
        0.64,
        0.65,
        1.0,
        0.64,
        0.625,
        0.696969696969697,
        1.0,
        1.0,
        1.0,
        0.5882352941176471
    ],
    "tree_count": 50
}