{
    "avg_depth": 1.86,
    "max_depth": 3,
    "avg_branching_per_level": {
        "0": 1.82,
        "1": 2.120879120879121,
        "2": 1.378238341968912,
        "3": 0.0
    },
    "branching_distribution_per_level": {
        "0": {
            "0": 18,
            "4": 4,
            "2": 13,
            "3": 13,
            "5": 2
        },
        "1": {
            "2": 38,
            "0": 22,
            "4": 6,
            "3": 16,
            "5": 9
        },
        "2": {
            "2": 43,
            "0": 100,
            "3": 27,
            "4": 16,
            "5": 7
        },
        "3": {
            "0": 266
        }
    },
    "avg_leaf_count_per_tree": 8.12,
    "leaf_ratio_per_tree": [
        1.0,
        0.6363636363636364,
        0.6923076923076923,
        0.6842105263157895,
        1.0,
        0.7352941176470589,
        0.65625,
        0.6428571428571429,
        0.631578947368421,
        0.5714285714285714,
        0.6818181818181818,
        0.6428571428571429,
        1.0,
        0.6666666666666666,
        0.6086956521739131,
        0.625,
        1.0,
        0.6842105263157895,
        1.0,
        1.0,
        0.6896551724137931,
        0.6666666666666666,
        0.6666666666666666,
        0.6470588235294118,
        0.5555555555555556,
        1.0,
        0.6666666666666666,
        1.0,
        0.6904761904761905,
        0.625,
        0.7272727272727273,
        0.6666666666666666,
        0.6363636363636364,
        0.5833333333333334,
        1.0,
        0.7058823529411765,
        1.0,
        0.6,
        1.0,
        1.0,
        1.0,
        1.0,
        1.0,
        1.0,
        0.6896551724137931,
        1.0,
        1.0,
        0.75,
        0.6666666666666666,
        0.7
    ],
    "tree_count": 50
}