{
    "avg_depth": 1.98,
    "max_depth": 3,
    "avg_branching_per_level": {
        "0": 2.2,
        "1": 1.7363636363636363,
        "2": 1.198952879581152,
        "3": 0.0
    },
    "branching_distribution_per_level": {
        "0": {
            "2": 13,
            "3": 13,
            "5": 5,
            "0": 14,
            "4": 5
        },
        "1": {
            "0": 48,
            "5": 8,
            "3": 21,
            "4": 11,
            "2": 22
        },
        "2": {
            "2": 51,
            "0": 106,
            "3": 13,
            "4": 17,
            "5": 4
        },
        "3": {
            "0": 229
        }
    },
    "avg_leaf_count_per_tree": 7.94,
    "leaf_ratio_per_tree": [
        0.6666666666666666,
        0.7,
        0.6666666666666666,
        0.7142857142857143,
        0.7142857142857143,
        0.6666666666666666,
        0.6666666666666666,
        0.6363636363636364,
        0.6666666666666666,
        0.6875,
        1.0,
        1.0,
        1.0,
        0.6818181818181818,
        0.6551724137931034,
        1.0,
        0.5714285714285714,
        1.0,
        0.631578947368421,
        0.6470588235294118,
        1.0,
        0.6923076923076923,
        0.6428571428571429,
        0.6875,
        0.6666666666666666,
        1.0,
        0.6666666666666666,
        1.0,
        1.0,
        0.6923076923076923,
        0.7,
        0.6666666666666666,
        0.75,
        0.6842105263157895,
        0.625,
        0.6666666666666666,
        0.6956521739130435,
        0.6,
        1.0,
        0.6666666666666666,
        1.0,
        0.7142857142857143,
        0.7,
        1.0,
        0.7058823529411765,
        1.0,
        0.6428571428571429,
        0.6666666666666666,
        1.0,
        0.6666666666666666
    ],
    "tree_count": 50
}