{
    "avg_depth": 1.7,
    "max_depth": 3,
    "avg_branching_per_level": {
        "0": 1.84,
        "1": 1.8369565217391304,
        "2": 1.242603550295858,
        "3": 0.0
    },
    "branching_distribution_per_level": {
        "0": {
            "0": 18,
            "3": 6,
            "4": 5,
            "2": 17,
            "5": 4
        },
        "1": {
            "0": 34,
            "2": 22,
            "5": 5,
            "3": 24,
            "4": 7
        },
        "2": {
            "2": 45,
            "3": 22,
            "0": 90,
            "5": 6,
            "4": 6
        },
        "3": {
            "0": 210
        }
    },
    "avg_leaf_count_per_tree": 7.04,
    "leaf_ratio_per_tree": [
        1.0,
        0.6363636363636364,
        1.0,
        1.0,
        1.0,
        0.7333333333333333,
        0.6428571428571429,
        0.6538461538461539,
        0.6,
        0.625,
        1.0,
        1.0,
        1.0,
        0.7142857142857143,
        1.0,
        1.0,
        0.6363636363636364,
        0.6666666666666666,
        1.0,
        0.6363636363636364,
        1.0,
        1.0,
        1.0,
        1.0,
        0.6666666666666666,
        0.6,
        0.7083333333333334,
        0.6666666666666666,
        0.6666666666666666,
        0.6521739130434783,
        1.0,
        0.625,
        0.6666666666666666,
        1.0,
        0.65,
        0.6,
        0.7083333333333334,
        1.0,
        0.6666666666666666,
        0.6666666666666666,
        0.6363636363636364,
        0.6842105263157895,
        0.7045454545454546,
        0.6666666666666666,
        0.7272727272727273,
        0.65,
        0.65,
        1.0,
        0.6666666666666666,
        0.6190476190476191
    ],
    "tree_count": 50
}