{
    "avg_depth": 1.4,
    "max_depth": 3,
    "avg_branching_per_level": {
        "0": 1.54,
        "1": 2.4545454545454546,
        "2": 1.529100529100529,
        "3": 0.0
    },
    "branching_distribution_per_level": {
        "0": {
            "5": 5,
            "4": 5,
            "0": 26,
            "2": 10,
            "3": 4
        },
        "1": {
            "5": 13,
            "0": 17,
            "2": 22,
            "3": 20,
            "4": 5
        },
        "2": {
            "2": 31,
            "0": 98,
            "4": 23,
            "3": 25,
            "5": 12
        },
        "3": {
            "0": 289
        }
    },
    "avg_leaf_count_per_tree": 8.6,
    "leaf_ratio_per_tree": [
        0.6842105263157895,
        0.6666666666666666,
        1.0,
        0.65,
        0.625,
        1.0,
        1.0,
        1.0,
        0.631578947368421,
        0.7058823529411765,
        0.7307692307692307,
        0.7380952380952381,
        1.0,
        0.7142857142857143,
        0.71875,
        1.0,
        0.6,
        1.0,
        0.6785714285714286,
        1.0,
        1.0,
        1.0,
        1.0,
        1.0,
        1.0,
        0.7647058823529411,
        1.0,
        1.0,
        0.6363636363636364,
        0.6666666666666666,
        1.0,
        1.0,
        0.6857142857142857,
        0.7333333333333333,
        1.0,
        1.0,
        1.0,
        1.0,
        1.0,
        1.0,
        1.0,
        0.7142857142857143,
        0.6923076923076923,
        0.7567567567567568,
        1.0,
        1.0,
        0.6956521739130435,
        0.6428571428571429,
        0.6,
        0.75
    ],
    "tree_count": 50
}