{
    "avg_depth": 1.7,
    "max_depth": 3,
    "avg_branching_per_level": {
        "0": 1.5,
        "1": 2.2533333333333334,
        "2": 1.9171597633136095,
        "3": 0.0
    },
    "branching_distribution_per_level": {
        "0": {
            "0": 21,
            "2": 20,
            "5": 4,
            "3": 5
        },
        "1": {
            "3": 15,
            "4": 5,
            "0": 21,
            "2": 22,
            "5": 12
        },
        "2": {
            "0": 63,
            "2": 49,
            "4": 17,
            "3": 21,
            "5": 19
        },
        "3": {
            "0": 324
        }
    },
    "avg_leaf_count_per_tree": 8.58,
    "leaf_ratio_per_tree": [
        1.0,
        0.65,
        0.7,
        0.6,
        0.6470588235294118,
        0.5714285714285714,
        0.7058823529411765,
        0.7142857142857143,
        1.0,
        0.7,
        1.0,
        1.0,
        0.6428571428571429,
        1.0,
        0.6666666666666666,
        0.7333333333333333,
        0.625,
        0.7272727272727273,
        0.7083333333333334,
        1.0,
        0.7317073170731707,
        1.0,
        0.625,
        0.7333333333333333,
        0.7073170731707317,
        0.6666666666666666,
        0.6842105263157895,
        1.0,
        0.6,
        1.0,
        0.6842105263157895,
        1.0,
        1.0,
        0.625,
        1.0,
        0.6666666666666666,
        1.0,
        1.0,
        1.0,
        1.0,
        0.6363636363636364,
        0.65,
        1.0,
        0.65,
        1.0,
        1.0,
        1.0,
        1.0,
        0.7272727272727273,
        0.6428571428571429
    ],
    "tree_count": 50
}